,kmer,b6635d67cb594473ddba9f8cfba5d13d
0,TGAGGAATATTGGTCAATGGGC,
1,GAGGAATATTGGTCAATGGGCG,
2,AGGAATATTGGTCAATGGGCGA,
3,GGAATATTGGTCAATGGGCGAG,
4,GAATATTGGTCAATGGGCGAGA,
5,AATATTGGTCAATGGGCGAGAG,
6,ATATTGGTCAATGGGCGAGAGC,
7,TATTGGTCAATGGGCGAGAGCC,
8,ATTGGTCAATGGGCGAGAGCCT,
9,TTGGTCAATGGGCGAGAGCCTG,
10,TGGTCAATGGGCGAGAGCCTGA,
11,GGTCAATGGGCGAGAGCCTGAA,
12,GTCAATGGGCGAGAGCCTGAAC,
13,TCAATGGGCGAGAGCCTGAACC,
14,CAATGGGCGAGAGCCTGAACCA,
15,AATGGGCGAGAGCCTGAACCAG,
16,ATGGGCGAGAGCCTGAACCAGC,
17,TGGGCGAGAGCCTGAACCAGCC,
18,GGGCGAGAGCCTGAACCAGCCA,
19,GGCGAGAGCCTGAACCAGCCAA,
20,GCGAGAGCCTGAACCAGCCAAG,
21,CGAGAGCCTGAACCAGCCAAGT,
22,GAGAGCCTGAACCAGCCAAGTA,
23,AGAGCCTGAACCAGCCAAGTAG,
24,GAGCCTGAACCAGCCAAGTAGC,
25,AGCCTGAACCAGCCAAGTAGCG,
26,GCCTGAACCAGCCAAGTAGCGT,
27,CCTGAACCAGCCAAGTAGCGTG,
28,CTGAACCAGCCAAGTAGCGTGA,
29,TGAACCAGCCAAGTAGCGTGAA,
30,GAACCAGCCAAGTAGCGTGAAG,
31,AACCAGCCAAGTAGCGTGAAGG,
32,ACCAGCCAAGTAGCGTGAAGGA,
33,CCAGCCAAGTAGCGTGAAGGAT,
34,CAGCCAAGTAGCGTGAAGGATG,
35,AGCCAAGTAGCGTGAAGGATGA,
36,GCCAAGTAGCGTGAAGGATGAC,
37,CCAAGTAGCGTGAAGGATGACT,
38,CAAGTAGCGTGAAGGATGACTG,
39,AAGTAGCGTGAAGGATGACTGC,
40,AGTAGCGTGAAGGATGACTGCC,
41,GTAGCGTGAAGGATGACTGCCC,
42,TAGCGTGAAGGATGACTGCCCT,
43,AGCGTGAAGGATGACTGCCCTA,
44,GCGTGAAGGATGACTGCCCTAT,
45,CGTGAAGGATGACTGCCCTATG,
46,GTGAAGGATGACTGCCCTATGG,
47,TGAAGGATGACTGCCCTATGGG,
48,GAAGGATGACTGCCCTATGGGT,
49,AAGGATGACTGCCCTATGGGTT,
50,AGGATGACTGCCCTATGGGTTG,
51,GGATGACTGCCCTATGGGTTGT,
52,GATGACTGCCCTATGGGTTGTA,
53,ATGACTGCCCTATGGGTTGTAA,
54,TGACTGCCCTATGGGTTGTAAA,
55,GACTGCCCTATGGGTTGTAAAC,
56,ACTGCCCTATGGGTTGTAAACT,
57,CTGCCCTATGGGTTGTAAACTT,
58,TGCCCTATGGGTTGTAAACTTC,
59,GCCCTATGGGTTGTAAACTTCT,
60,CCCTATGGGTTGTAAACTTCTT,
61,CCTATGGGTTGTAAACTTCTTT,
62,CTATGGGTTGTAAACTTCTTTT,
63,TATGGGTTGTAAACTTCTTTTA,
64,ATGGGTTGTAAACTTCTTTTAT,
65,TGGGTTGTAAACTTCTTTTATA,
66,GGGTTGTAAACTTCTTTTATAA,
67,GGTTGTAAACTTCTTTTATAAA,
68,GTTGTAAACTTCTTTTATAAAG,
69,TTGTAAACTTCTTTTATAAAGG,
70,TGTAAACTTCTTTTATAAAGGA,
71,GTAAACTTCTTTTATAAAGGAA,
72,TAAACTTCTTTTATAAAGGAAT,
73,AAACTTCTTTTATAAAGGAATA,
74,AACTTCTTTTATAAAGGAATAA,
75,ACTTCTTTTATAAAGGAATAAA,
76,CTTCTTTTATAAAGGAATAAAG,
77,TTCTTTTATAAAGGAATAAAGT,
78,TCTTTTATAAAGGAATAAAGTC,
79,CTTTTATAAAGGAATAAAGTCG,
80,TTTTATAAAGGAATAAAGTCGG,
81,TTTATAAAGGAATAAAGTCGGG,
82,TTATAAAGGAATAAAGTCGGGT,
83,TATAAAGGAATAAAGTCGGGTA,
84,ATAAAGGAATAAAGTCGGGTAT,
85,TAAAGGAATAAAGTCGGGTATG,
86,AAAGGAATAAAGTCGGGTATGG,
87,AAGGAATAAAGTCGGGTATGGA,
88,AGGAATAAAGTCGGGTATGGAT,
89,GGAATAAAGTCGGGTATGGATA,
90,GAATAAAGTCGGGTATGGATAC,
91,AATAAAGTCGGGTATGGATACC,
92,ATAAAGTCGGGTATGGATACCC,
93,TAAAGTCGGGTATGGATACCCG,
94,AAAGTCGGGTATGGATACCCGT,
95,AAGTCGGGTATGGATACCCGTT,
96,AGTCGGGTATGGATACCCGTTT,
97,GTCGGGTATGGATACCCGTTTG,
98,TCGGGTATGGATACCCGTTTGC,
99,CGGGTATGGATACCCGTTTGCA,
100,GGGTATGGATACCCGTTTGCAT,
101,GGTATGGATACCCGTTTGCATG,
102,GTATGGATACCCGTTTGCATGT,
103,TATGGATACCCGTTTGCATGTA,
104,ATGGATACCCGTTTGCATGTAC,
105,TGGATACCCGTTTGCATGTACT,
106,GGATACCCGTTTGCATGTACTT,
107,GATACCCGTTTGCATGTACTTT,
108,ATACCCGTTTGCATGTACTTTA,
109,TACCCGTTTGCATGTACTTTAT,
110,ACCCGTTTGCATGTACTTTATG,
111,CCCGTTTGCATGTACTTTATGA,
112,CCGTTTGCATGTACTTTATGAA,
113,CGTTTGCATGTACTTTATGAAT,
114,GTTTGCATGTACTTTATGAATA,
115,TTTGCATGTACTTTATGAATAA,
116,TTGCATGTACTTTATGAATAAG,
117,TGCATGTACTTTATGAATAAGG,
118,GCATGTACTTTATGAATAAGGA,
119,CATGTACTTTATGAATAAGGAT,
120,ATGTACTTTATGAATAAGGATC,
121,TGTACTTTATGAATAAGGATCG,
122,GTACTTTATGAATAAGGATCGG,
123,TACTTTATGAATAAGGATCGGC,
124,ACTTTATGAATAAGGATCGGCT,
125,CTTTATGAATAAGGATCGGCTA,
126,TTTATGAATAAGGATCGGCTAA,
127,TTATGAATAAGGATCGGCTAAC,
128,TATGAATAAGGATCGGCTAACT,
129,ATGAATAAGGATCGGCTAACTC,
130,TGAATAAGGATCGGCTAACTCC,
131,GAATAAGGATCGGCTAACTCCG,
132,AATAAGGATCGGCTAACTCCGT,
133,ATAAGGATCGGCTAACTCCGTG,
134,TAAGGATCGGCTAACTCCGTGC,
135,AAGGATCGGCTAACTCCGTGCC,
136,AGGATCGGCTAACTCCGTGCCA,
137,GGATCGGCTAACTCCGTGCCAG,
138,GATCGGCTAACTCCGTGCCAGC,
139,ATCGGCTAACTCCGTGCCAGCA,
140,TCGGCTAACTCCGTGCCAGCAG,
141,CGGCTAACTCCGTGCCAGCAGC,
142,GGCTAACTCCGTGCCAGCAGCC,
143,GCTAACTCCGTGCCAGCAGCCG,
144,CTAACTCCGTGCCAGCAGCCGC,
145,TAACTCCGTGCCAGCAGCCGCG,
146,AACTCCGTGCCAGCAGCCGCGG,
147,ACTCCGTGCCAGCAGCCGCGGT,
148,CTCCGTGCCAGCAGCCGCGGTA,
149,TCCGTGCCAGCAGCCGCGGTAA,
150,CCGTGCCAGCAGCCGCGGTAAT,
151,CGTGCCAGCAGCCGCGGTAATA,
152,GTGCCAGCAGCCGCGGTAATAC,
153,TGCCAGCAGCCGCGGTAATACG,
154,GCCAGCAGCCGCGGTAATACGG,
155,CCAGCAGCCGCGGTAATACGGA,
156,CAGCAGCCGCGGTAATACGGAG,
157,AGCAGCCGCGGTAATACGGAGG,
158,GCAGCCGCGGTAATACGGAGGA,
159,CAGCCGCGGTAATACGGAGGAT,
160,AGCCGCGGTAATACGGAGGATC,
161,GCCGCGGTAATACGGAGGATCC,
162,CCGCGGTAATACGGAGGATCCG,
163,CGCGGTAATACGGAGGATCCGA,
164,GCGGTAATACGGAGGATCCGAG,
165,CGGTAATACGGAGGATCCGAGC,
166,GGTAATACGGAGGATCCGAGCG,
167,GTAATACGGAGGATCCGAGCGT,
168,TAATACGGAGGATCCGAGCGTT,
169,AATACGGAGGATCCGAGCGTTA,
170,ATACGGAGGATCCGAGCGTTAT,
171,TACGGAGGATCCGAGCGTTATC,
172,ACGGAGGATCCGAGCGTTATCC,
173,CGGAGGATCCGAGCGTTATCCG,
174,GGAGGATCCGAGCGTTATCCGG,
175,GAGGATCCGAGCGTTATCCGGA,
176,AGGATCCGAGCGTTATCCGGAT,
177,GGATCCGAGCGTTATCCGGATT,
178,GATCCGAGCGTTATCCGGATTT,
179,ATCCGAGCGTTATCCGGATTTA,
180,TCCGAGCGTTATCCGGATTTAT,
181,CCGAGCGTTATCCGGATTTATT,
182,CGAGCGTTATCCGGATTTATTG,
183,GAGCGTTATCCGGATTTATTGG,
184,AGCGTTATCCGGATTTATTGGG,
185,GCGTTATCCGGATTTATTGGGT,
186,CGTTATCCGGATTTATTGGGTT,
187,GTTATCCGGATTTATTGGGTTT,
188,TTATCCGGATTTATTGGGTTTA,
189,TATCCGGATTTATTGGGTTTAA,
190,ATCCGGATTTATTGGGTTTAAA,
191,TCCGGATTTATTGGGTTTAAAG,
192,CCGGATTTATTGGGTTTAAAGG,
193,CGGATTTATTGGGTTTAAAGGG,
194,GGATTTATTGGGTTTAAAGGGA,
195,GATTTATTGGGTTTAAAGGGAG,
196,ATTTATTGGGTTTAAAGGGAGC,
197,TTTATTGGGTTTAAAGGGAGCG,
198,TTATTGGGTTTAAAGGGAGCGT,
199,TATTGGGTTTAAAGGGAGCGTA,
200,ATTGGGTTTAAAGGGAGCGTAG,
201,TTGGGTTTAAAGGGAGCGTAGA,
202,TGGGTTTAAAGGGAGCGTAGAT,
203,GGGTTTAAAGGGAGCGTAGATG,
204,GGTTTAAAGGGAGCGTAGATGG,
205,GTTTAAAGGGAGCGTAGATGGA,
206,TTTAAAGGGAGCGTAGATGGAT,
207,TTAAAGGGAGCGTAGATGGATG,
208,TAAAGGGAGCGTAGATGGATGT,
209,AAAGGGAGCGTAGATGGATGTT,
210,AAGGGAGCGTAGATGGATGTTT,
211,AGGGAGCGTAGATGGATGTTTA,
212,GGGAGCGTAGATGGATGTTTAA,
213,GGAGCGTAGATGGATGTTTAAG,
214,GAGCGTAGATGGATGTTTAAGT,
215,AGCGTAGATGGATGTTTAAGTC,
216,GCGTAGATGGATGTTTAAGTCA,
217,CGTAGATGGATGTTTAAGTCAG,
218,GTAGATGGATGTTTAAGTCAGT,
219,TAGATGGATGTTTAAGTCAGTT,
220,AGATGGATGTTTAAGTCAGTTG,
221,GATGGATGTTTAAGTCAGTTGT,
222,ATGGATGTTTAAGTCAGTTGTG,
223,TGGATGTTTAAGTCAGTTGTGA,
224,GGATGTTTAAGTCAGTTGTGAA,
225,GATGTTTAAGTCAGTTGTGAAA,
226,ATGTTTAAGTCAGTTGTGAAAG,
227,TGTTTAAGTCAGTTGTGAAAGT,
228,GTTTAAGTCAGTTGTGAAAGTT,
229,TTTAAGTCAGTTGTGAAAGTTT,
230,TTAAGTCAGTTGTGAAAGTTTG,
231,TAAGTCAGTTGTGAAAGTTTGC,
232,AAGTCAGTTGTGAAAGTTTGCG,
233,AGTCAGTTGTGAAAGTTTGCGG,
234,GTCAGTTGTGAAAGTTTGCGGC,
235,TCAGTTGTGAAAGTTTGCGGCT,
236,CAGTTGTGAAAGTTTGCGGCTC,
237,AGTTGTGAAAGTTTGCGGCTCA,
238,GTTGTGAAAGTTTGCGGCTCAA,
239,TTGTGAAAGTTTGCGGCTCAAC,
240,TGTGAAAGTTTGCGGCTCAACC,
241,GTGAAAGTTTGCGGCTCAACCG,
242,TGAAAGTTTGCGGCTCAACCGT,
243,GAAAGTTTGCGGCTCAACCGTA,
244,AAAGTTTGCGGCTCAACCGTAA,
245,AAGTTTGCGGCTCAACCGTAAA,
246,AGTTTGCGGCTCAACCGTAAAA,
247,GTTTGCGGCTCAACCGTAAAAT,
248,TTTGCGGCTCAACCGTAAAATT,
249,TTGCGGCTCAACCGTAAAATTG,
250,TGCGGCTCAACCGTAAAATTGC,
251,GCGGCTCAACCGTAAAATTGCA,
252,CGGCTCAACCGTAAAATTGCAG,
253,GGCTCAACCGTAAAATTGCAGT,
254,GCTCAACCGTAAAATTGCAGTT,
255,CTCAACCGTAAAATTGCAGTTG,
256,TCAACCGTAAAATTGCAGTTGA,
257,CAACCGTAAAATTGCAGTTGAT,
258,AACCGTAAAATTGCAGTTGATA,
259,ACCGTAAAATTGCAGTTGATAC,
260,CCGTAAAATTGCAGTTGATACT,
261,CGTAAAATTGCAGTTGATACTG,
262,GTAAAATTGCAGTTGATACTGG,
263,TAAAATTGCAGTTGATACTGGA,
264,AAAATTGCAGTTGATACTGGAT,
265,AAATTGCAGTTGATACTGGATA,
266,AATTGCAGTTGATACTGGATAT,
267,ATTGCAGTTGATACTGGATATC,
268,TTGCAGTTGATACTGGATATCT,
269,TGCAGTTGATACTGGATATCTT,
270,GCAGTTGATACTGGATATCTTG,
271,CAGTTGATACTGGATATCTTGA,
272,AGTTGATACTGGATATCTTGAG,
273,GTTGATACTGGATATCTTGAGT,
274,TTGATACTGGATATCTTGAGTG,
275,TGATACTGGATATCTTGAGTGC,
276,GATACTGGATATCTTGAGTGCA,
277,ATACTGGATATCTTGAGTGCAG,
278,TACTGGATATCTTGAGTGCAGT,
279,ACTGGATATCTTGAGTGCAGTT,
280,CTGGATATCTTGAGTGCAGTTG,
281,TGGATATCTTGAGTGCAGTTGA,
282,GGATATCTTGAGTGCAGTTGAG,
283,GATATCTTGAGTGCAGTTGAGG,
284,ATATCTTGAGTGCAGTTGAGGC,
285,TATCTTGAGTGCAGTTGAGGCA,
286,ATCTTGAGTGCAGTTGAGGCAG,
287,TCTTGAGTGCAGTTGAGGCAGG,
288,CTTGAGTGCAGTTGAGGCAGGC,
289,TTGAGTGCAGTTGAGGCAGGCG,
290,TGAGTGCAGTTGAGGCAGGCGG,
291,GAGTGCAGTTGAGGCAGGCGGA,
292,AGTGCAGTTGAGGCAGGCGGAA,
293,GTGCAGTTGAGGCAGGCGGAAT,
294,TGCAGTTGAGGCAGGCGGAATT,
295,GCAGTTGAGGCAGGCGGAATTC,
296,CAGTTGAGGCAGGCGGAATTCG,
297,AGTTGAGGCAGGCGGAATTCGT,
298,GTTGAGGCAGGCGGAATTCGTG,
299,TTGAGGCAGGCGGAATTCGTGG,
300,TGAGGCAGGCGGAATTCGTGGT,
301,GAGGCAGGCGGAATTCGTGGTG,
302,AGGCAGGCGGAATTCGTGGTGT,
303,GGCAGGCGGAATTCGTGGTGTA,
304,GCAGGCGGAATTCGTGGTGTAG,
305,CAGGCGGAATTCGTGGTGTAGC,
306,AGGCGGAATTCGTGGTGTAGCG,
307,GGCGGAATTCGTGGTGTAGCGG,
308,GCGGAATTCGTGGTGTAGCGGT,
309,CGGAATTCGTGGTGTAGCGGTG,
310,GGAATTCGTGGTGTAGCGGTGA,
311,GAATTCGTGGTGTAGCGGTGAA,
312,AATTCGTGGTGTAGCGGTGAAA,
313,ATTCGTGGTGTAGCGGTGAAAT,
314,TTCGTGGTGTAGCGGTGAAATG,
315,TCGTGGTGTAGCGGTGAAATGC,
316,CGTGGTGTAGCGGTGAAATGCT,
317,GTGGTGTAGCGGTGAAATGCTT,
318,TGGTGTAGCGGTGAAATGCTTA,
319,GGTGTAGCGGTGAAATGCTTAG,
320,GTGTAGCGGTGAAATGCTTAGA,
321,TGTAGCGGTGAAATGCTTAGAT,
322,GTAGCGGTGAAATGCTTAGATA,
323,TAGCGGTGAAATGCTTAGATAT,
324,AGCGGTGAAATGCTTAGATATC,
325,GCGGTGAAATGCTTAGATATCA,
326,CGGTGAAATGCTTAGATATCAC,
327,GGTGAAATGCTTAGATATCACG,
328,GTGAAATGCTTAGATATCACGA,
329,TGAAATGCTTAGATATCACGAA,
330,GAAATGCTTAGATATCACGAAG,
331,AAATGCTTAGATATCACGAAGA,
332,AATGCTTAGATATCACGAAGAA,
333,ATGCTTAGATATCACGAAGAAC,
334,TGCTTAGATATCACGAAGAACT,
335,GCTTAGATATCACGAAGAACTC,
336,CTTAGATATCACGAAGAACTCC,
337,TTAGATATCACGAAGAACTCCG,
338,TAGATATCACGAAGAACTCCGA,
339,AGATATCACGAAGAACTCCGAT,
340,GATATCACGAAGAACTCCGATT,
341,ATATCACGAAGAACTCCGATTG,
342,TATCACGAAGAACTCCGATTGC,
343,ATCACGAAGAACTCCGATTGCG,
344,TCACGAAGAACTCCGATTGCGA,
345,CACGAAGAACTCCGATTGCGAA,
346,ACGAAGAACTCCGATTGCGAAG,
347,CGAAGAACTCCGATTGCGAAGG,
348,GAAGAACTCCGATTGCGAAGGC,
349,AAGAACTCCGATTGCGAAGGCA,
350,AGAACTCCGATTGCGAAGGCAG,
351,GAACTCCGATTGCGAAGGCAGC,
352,AACTCCGATTGCGAAGGCAGCC,
353,ACTCCGATTGCGAAGGCAGCCT,
354,CTCCGATTGCGAAGGCAGCCTG,
355,TCCGATTGCGAAGGCAGCCTGC,
356,CCGATTGCGAAGGCAGCCTGCT,
357,CGATTGCGAAGGCAGCCTGCTA,
358,GATTGCGAAGGCAGCCTGCTAA,
359,ATTGCGAAGGCAGCCTGCTAAG,
360,TTGCGAAGGCAGCCTGCTAAGC,
361,TGCGAAGGCAGCCTGCTAAGCT,
362,GCGAAGGCAGCCTGCTAAGCTG,
363,CGAAGGCAGCCTGCTAAGCTGC,
364,GAAGGCAGCCTGCTAAGCTGCA,
365,AAGGCAGCCTGCTAAGCTGCAA,
366,AGGCAGCCTGCTAAGCTGCAAC,
367,GGCAGCCTGCTAAGCTGCAACT,
368,GCAGCCTGCTAAGCTGCAACTG,
369,CAGCCTGCTAAGCTGCAACTGA,
370,AGCCTGCTAAGCTGCAACTGAC,
371,GCCTGCTAAGCTGCAACTGACA,
372,CCTGCTAAGCTGCAACTGACAT,
373,CTGCTAAGCTGCAACTGACATT,
374,TGCTAAGCTGCAACTGACATTG,
375,GCTAAGCTGCAACTGACATTGA,
376,CTAAGCTGCAACTGACATTGAG,
377,TAAGCTGCAACTGACATTGAGG,
378,AAGCTGCAACTGACATTGAGGC,
379,AGCTGCAACTGACATTGAGGCT,
380,GCTGCAACTGACATTGAGGCTC,
381,CTGCAACTGACATTGAGGCTCG,
382,TGCAACTGACATTGAGGCTCGA,
383,GCAACTGACATTGAGGCTCGAA,
384,CAACTGACATTGAGGCTCGAAA,
385,AACTGACATTGAGGCTCGAAAG,
386,ACTGACATTGAGGCTCGAAAGT,
387,CTGACATTGAGGCTCGAAAGTG,
388,TGACATTGAGGCTCGAAAGTGT,
389,GACATTGAGGCTCGAAAGTGTG,
390,ACATTGAGGCTCGAAAGTGTGG,
391,CATTGAGGCTCGAAAGTGTGGG,
392,ATTGAGGCTCGAAAGTGTGGGT,
393,TTGAGGCTCGAAAGTGTGGGTA,
394,TGAGGCTCGAAAGTGTGGGTAT,
395,GAGGCTCGAAAGTGTGGGTATC,
396,AGGCTCGAAAGTGTGGGTATCA,
397,GGCTCGAAAGTGTGGGTATCAA,
398,GCTCGAAAGTGTGGGTATCAAA,
399,CTCGAAAGTGTGGGTATCAAAC,
400,TCGAAAGTGTGGGTATCAAACA,
